<?xml version="1.0" encoding="UTF-8"?>
<beans
	xsi:schemaLocation="http://www.springframework.org/schema/beans 
	http://www.springframework.org/schema/beans/spring-beans.xsd 
	http://www.springframework.org/schema/security 
	http://www.springframework.org/schema/security/spring-security.xsd"
	xmlns:security="http://www.springframework.org/schema/security"
	xmlns:xsi="http://www.w3.org/2001/XMLSchema-instance" 
	xmlns="http://www.springframework.org/schema/beans">

	<!-- enable use-expressions -->
	<security:http use-expressions="true" auto-config="true">

		<security:intercept-url access="hasRole('ROLE_ADMIN')"
			pattern="/Admin**" />

		<!-- access denied page -->
		
		<security:access-denied-handler
			error-page="/403" />

		<security:form-login password-parameter="j_password"
			username-parameter="j_username" authentication-failure-url="/login?error"
			default-target-url="/" login-page="/Login" />

		<security:logout logout-success-url="/login?logout" />

		<!-- enable csrf protection -->


		<security:csrf />

	</security:http>

	<security:authentication-manager>

		<security:authentication-provider>

			<security:jdbc-user-service
				authorities-by-username-query="select id, name from user where id =? "
				users-by-username-query="select id,password,admin from user where id=?"
				data-source-ref="dataSource" />

		</security:authentication-provider>

	</security:authentication-manager>

</beans>